y_tile,x_tile
26712,54776
26712,54777
26713,54774
26713,54775
26713,54776
26713,54777
26714,54773
26714,54774
26714,54775
26714,54776
26714,54777
26714,54778
26714,54779
26714,54782
26714,54783
26714,54784
26715,54773
26715,54774
26715,54775
26715,54776
26715,54777
26715,54778
26715,54779
26715,54781
26715,54782
26715,54783
26715,54784
26716,54761
26716,54762
26716,54763
26716,54764
26716,54765
26716,54766
26716,54767
26716,54772
26716,54773
26716,54774
26716,54775
26716,54776
26716,54777
26716,54778
26716,54779
26716,54780
26716,54781
26716,54782
26716,54783
26716,54784
26716,54785
26717,54760
26717,54761
26717,54762
26717,54763
26717,54764
26717,54765
26717,54766
26717,54767
26717,54772
26717,54773
26717,54774
26717,54775
26717,54776
26717,54777
26717,54778
26717,54779
26717,54780
26717,54781
26717,54782
26717,54783
26717,54784
26717,54785
26717,54786
26718,54760
26718,54761
26718,54762
26718,54763
26718,54764
26718,54765
26718,54766
26718,54767
26718,54768
26718,54770
26718,54771
26718,54772
26718,54773
26718,54774
26718,54775
26718,54776
26718,54777
26718,54778
26718,54779
26718,54780
26718,54781
26718,54782
26718,54783
26718,54784
26718,54785
26718,54786
26718,54787
26719,54760
26719,54761
26719,54762
26719,54763
26719,54764
26719,54765
26719,54766
26719,54767
26719,54768
26719,54769
26719,54770
26719,54771
26719,54772
26719,54773
26719,54774
26719,54775
26719,54776
26719,54777
26719,54778
26719,54779
26719,54780
26719,54781
26719,54782
26719,54783
26719,54784
26719,54785
26719,54786
26719,54787
26720,54760
26720,54761
26720,54762
26720,54763
26720,54764
26720,54765
26720,54766
26720,54767
26720,54768
26720,54769
26720,54770
26720,54771
26720,54772
26720,54773
26720,54774
26720,54775
26720,54776
26720,54777
26720,54778
26720,54779
26720,54780
26720,54781
26720,54782
26720,54783
26720,54784
26720,54785
26720,54786
26720,54787
26720,54788
26720,54789
26720,54793
26721,54761
26721,54762
26721,54763
26721,54764
26721,54765
26721,54766
26721,54767
26721,54768
26721,54769
26721,54770
26721,54771
26721,54772
26721,54773
26721,54774
26721,54775
26721,54776
26721,54777
26721,54778
26721,54779
26721,54780
26721,54781
26721,54782
26721,54783
26721,54784
26721,54785
26721,54786
26721,54787
26721,54788
26721,54789
26721,54790
26721,54791
26721,54792
26721,54793
26721,54794
26721,54795
26721,54797
26721,54798
26722,54761
26722,54762
26722,54763
26722,54764
26722,54765
26722,54766
26722,54767
26722,54768
26722,54769
26722,54770
26722,54771
26722,54772
26722,54773
26722,54774
26722,54775
26722,54776
26722,54777
26722,54778
26722,54779
26722,54780
26722,54781
26722,54782
26722,54783
26722,54784
26722,54785
26722,54786
26722,54787
26722,54788
26722,54789
26722,54790
26722,54791
26722,54792
26722,54793
26722,54794
26722,54795
26722,54796
26722,54797
26722,54798
26723,54762
26723,54763
26723,54764
26723,54765
26723,54766
26723,54767
26723,54768
26723,54769
26723,54770
26723,54771
26723,54772
26723,54773
26723,54774
26723,54775
26723,54776
26723,54777
26723,54778
26723,54779
26723,54780
26723,54781
26723,54782
26723,54783
26723,54784
26723,54785
26723,54786
26723,54787
26723,54788
26723,54789
26723,54790
26723,54791
26723,54792
26723,54793
26723,54794
26723,54795
26723,54796
26723,54797
26723,54798
26724,54762
26724,54763
26724,54764
26724,54765
26724,54766
26724,54767
26724,54768
26724,54769
26724,54770
26724,54771
26724,54772
26724,54773
26724,54774
26724,54775
26724,54776
26724,54777
26724,54778
26724,54779
26724,54780
26724,54781
26724,54782
26724,54783
26724,54784
26724,54785
26724,54786
26724,54787
26724,54788
26724,54789
26724,54790
26724,54791
26724,54792
26724,54793
26724,54794
26724,54795
26724,54796
26724,54797
26724,54798
26724,54799
26725,54763
26725,54764
26725,54765
26725,54766
26725,54767
26725,54768
26725,54769
26725,54770
26725,54771
26725,54772
26725,54773
26725,54774
26725,54775
26725,54776
26725,54777
26725,54778
26725,54779
26725,54780
26725,54781
26725,54782
26725,54783
26725,54784
26725,54785
26725,54786
26725,54787
26725,54788
26725,54789
26725,54790
26725,54791
26725,54792
26725,54793
26725,54794
26725,54795
26725,54796
26725,54797
26725,54798
26726,54763
26726,54764
26726,54765
26726,54766
26726,54767
26726,54768
26726,54769
26726,54770
26726,54771
26726,54772
26726,54773
26726,54774
26726,54775
26726,54776
26726,54777
26726,54778
26726,54779
26726,54780
26726,54781
26726,54782
26726,54783
26726,54784
26726,54785
26726,54786
26726,54787
26726,54788
26726,54789
26726,54790
26726,54791
26726,54792
26726,54793
26726,54794
26726,54795
26726,54796
26726,54797
26726,54798
26727,54763
26727,54764
26727,54765
26727,54766
26727,54767
26727,54768
26727,54769
26727,54770
26727,54771
26727,54772
26727,54773
26727,54774
26727,54775
26727,54776
26727,54777
26727,54778
26727,54779
26727,54780
26727,54781
26727,54782
26727,54783
26727,54784
26727,54785
26727,54786
26727,54787
26727,54788
26727,54789
26727,54790
26727,54791
26727,54792
26727,54793
26727,54794
26727,54795
26727,54796
26727,54797
26727,54798
26728,54763
26728,54764
26728,54765
26728,54766
26728,54767
26728,54768
26728,54769
26728,54770
26728,54771
26728,54772
26728,54773
26728,54774
26728,54775
26728,54776
26728,54777
26728,54778
26728,54779
26728,54780
26728,54781
26728,54782
26728,54783
26728,54784
26728,54785
26728,54786
26728,54787
26728,54788
26728,54789
26728,54790
26728,54791
26728,54792
26728,54793
26728,54794
26728,54795
26728,54796
26728,54797
26729,54763
26729,54764
26729,54765
26729,54766
26729,54767
26729,54768
26729,54769
26729,54770
26729,54771
26729,54772
26729,54773
26729,54774
26729,54775
26729,54776
26729,54777
26729,54778
26729,54779
26729,54780
26729,54781
26729,54782
26729,54783
26729,54784
26729,54785
26729,54786
26729,54787
26729,54788
26729,54789
26729,54790
26729,54791
26729,54792
26729,54793
26729,54794
26729,54795
26729,54796
26729,54797
26729,54798
26730,54763
26730,54764
26730,54765
26730,54766
26730,54767
26730,54768
26730,54769
26730,54770
26730,54771
26730,54772
26730,54773
26730,54774
26730,54775
26730,54776
26730,54777
26730,54778
26730,54779
26730,54780
26730,54781
26730,54782
26730,54783
26730,54784
26730,54785
26730,54786
26730,54787
26730,54788
26730,54789
26730,54790
26730,54791
26730,54792
26730,54793
26730,54794
26730,54795
26730,54796
26730,54797
26730,54798
26730,54799
26730,54800
26731,54763
26731,54764
26731,54765
26731,54766
26731,54767
26731,54768
26731,54769
26731,54770
26731,54771
26731,54772
26731,54773
26731,54774
26731,54775
26731,54776
26731,54777
26731,54778
26731,54779
26731,54780
26731,54781
26731,54782
26731,54783
26731,54784
26731,54785
26731,54786
26731,54787
26731,54788
26731,54789
26731,54790
26731,54791
26731,54792
26731,54793
26731,54794
26731,54795
26731,54796
26731,54797
26731,54798
26731,54799
26731,54800
26732,54763
26732,54764
26732,54765
26732,54766
26732,54767
26732,54768
26732,54769
26732,54770
26732,54771
26732,54772
26732,54773
26732,54774
26732,54775
26732,54776
26732,54777
26732,54778
26732,54779
26732,54780
26732,54781
26732,54782
26732,54783
26732,54784
26732,54785
26732,54786
26732,54787
26732,54788
26732,54789
26732,54790
26732,54791
26732,54792
26732,54793
26732,54794
26732,54795
26732,54796
26732,54797
26732,54798
26732,54799
26733,54764
26733,54765
26733,54766
26733,54767
26733,54768
26733,54769
26733,54770
26733,54771
26733,54772
26733,54773
26733,54774
26733,54775
26733,54776
26733,54777
26733,54778
26733,54779
26733,54780
26733,54781
26733,54782
26733,54783
26733,54784
26733,54785
26733,54786
26733,54787
26733,54788
26733,54789
26733,54790
26733,54791
26733,54792
26733,54793
26733,54794
26733,54795
26733,54796
26733,54797
26733,54798
26733,54799
26734,54764
26734,54765
26734,54766
26734,54767
26734,54768
26734,54769
26734,54770
26734,54771
26734,54772
26734,54773
26734,54774
26734,54775
26734,54776
26734,54777
26734,54778
26734,54779
26734,54780
26734,54781
26734,54782
26734,54783
26734,54784
26734,54785
26734,54786
26734,54787
26734,54788
26734,54789
26734,54790
26734,54791
26734,54792
26734,54793
26734,54794
26734,54795
26734,54796
26734,54797
26734,54798
26734,54799
26734,54800
26734,54801
26734,54802
26734,54803
26734,54810
26734,54811
26735,54764
26735,54765
26735,54766
26735,54767
26735,54768
26735,54769
26735,54770
26735,54771
26735,54772
26735,54773
26735,54774
26735,54775
26735,54776
26735,54777
26735,54778
26735,54779
26735,54780
26735,54781
26735,54782
26735,54783
26735,54784
26735,54785
26735,54786
26735,54787
26735,54788
26735,54789
26735,54790
26735,54791
26735,54792
26735,54793
26735,54794
26735,54795
26735,54796
26735,54797
26735,54798
26735,54799
26735,54800
26735,54801
26735,54802
26735,54803
26735,54805
26735,54806
26735,54807
26735,54809
26735,54810
26735,54811
26735,54812
26736,54763
26736,54764
26736,54765
26736,54766
26736,54767
26736,54768
26736,54769
26736,54770
26736,54771
26736,54772
26736,54773
26736,54774
26736,54775
26736,54776
26736,54777
26736,54778
26736,54779
26736,54780
26736,54781
26736,54782
26736,54783
26736,54784
26736,54785
26736,54786
26736,54787
26736,54788
26736,54789
26736,54790
26736,54791
26736,54792
26736,54793
26736,54794
26736,54795
26736,54796
26736,54797
26736,54798
26736,54799
26736,54800
26736,54801
26736,54802
26736,54803
26736,54804
26736,54805
26736,54806
26736,54807
26736,54808
26736,54809
26736,54810
26736,54811
26736,54812
26736,54813
26737,54763
26737,54764
26737,54765
26737,54766
26737,54767
26737,54768
26737,54769
26737,54770
26737,54771
26737,54772
26737,54773
26737,54774
26737,54775
26737,54776
26737,54777
26737,54778
26737,54779
26737,54780
26737,54781
26737,54782
26737,54783
26737,54784
26737,54785
26737,54786
26737,54787
26737,54788
26737,54789
26737,54790
26737,54791
26737,54792
26737,54793
26737,54794
26737,54795
26737,54796
26737,54797
26737,54798
26737,54799
26737,54800
26737,54801
26737,54802
26737,54803
26737,54804
26737,54805
26737,54806
26737,54807
26737,54808
26737,54809
26737,54810
26737,54811
26737,54812
26737,54813
26738,54763
26738,54764
26738,54765
26738,54766
26738,54767
26738,54768
26738,54769
26738,54770
26738,54771
26738,54772
26738,54773
26738,54774
26738,54775
26738,54776
26738,54777
26738,54778
26738,54779
26738,54780
26738,54781
26738,54782
26738,54783
26738,54784
26738,54785
26738,54786
26738,54787
26738,54788
26738,54789
26738,54790
26738,54791
26738,54792
26738,54793
26738,54794
26738,54795
26738,54796
26738,54797
26738,54798
26738,54799
26738,54800
26738,54801
26738,54802
26738,54803
26738,54804
26738,54805
26738,54806
26738,54807
26738,54808
26738,54809
26738,54810
26738,54811
26738,54812
26739,54763
26739,54764
26739,54765
26739,54766
26739,54767
26739,54768
26739,54769
26739,54770
26739,54771
26739,54772
26739,54773
26739,54774
26739,54775
26739,54776
26739,54777
26739,54778
26739,54779
26739,54780
26739,54781
26739,54782
26739,54783
26739,54784
26739,54785
26739,54786
26739,54787
26739,54788
26739,54789
26739,54790
26739,54791
26739,54792
26739,54793
26739,54794
26739,54795
26739,54796
26739,54797
26739,54798
26739,54799
26739,54800
26739,54801
26739,54802
26739,54803
26739,54804
26739,54805
26739,54806
26739,54807
26739,54808
26739,54809
26739,54810
26739,54811
26739,54812
26740,54763
26740,54764
26740,54765
26740,54766
26740,54767
26740,54768
26740,54769
26740,54770
26740,54771
26740,54772
26740,54773
26740,54774
26740,54775
26740,54776
26740,54777
26740,54778
26740,54779
26740,54780
26740,54781
26740,54782
26740,54783
26740,54784
26740,54785
26740,54786
26740,54787
26740,54788
26740,54789
26740,54790
26740,54791
26740,54792
26740,54793
26740,54794
26740,54795
26740,54796
26740,54797
26740,54798
26740,54799
26740,54800
26740,54801
26740,54802
26740,54803
26740,54804
26740,54805
26740,54806
26740,54807
26740,54808
26740,54809
26740,54810
26740,54811
26740,54812
26741,54763
26741,54764
26741,54765
26741,54766
26741,54767
26741,54768
26741,54769
26741,54770
26741,54771
26741,54772
26741,54773
26741,54774
26741,54775
26741,54776
26741,54777
26741,54778
26741,54779
26741,54780
26741,54781
26741,54782
26741,54783
26741,54784
26741,54785
26741,54786
26741,54787
26741,54788
26741,54789
26741,54790
26741,54791
26741,54792
26741,54793
26741,54794
26741,54795
26741,54796
26741,54797
26741,54798
26741,54799
26741,54800
26741,54801
26741,54802
26741,54803
26741,54804
26741,54805
26741,54806
26741,54807
26741,54808
26741,54809
26741,54810
26741,54811
26742,54763
26742,54764
26742,54765
26742,54766
26742,54767
26742,54768
26742,54769
26742,54770
26742,54771
26742,54772
26742,54773
26742,54774
26742,54775
26742,54776
26742,54777
26742,54778
26742,54779
26742,54780
26742,54781
26742,54782
26742,54783
26742,54784
26742,54785
26742,54786
26742,54787
26742,54788
26742,54789
26742,54790
26742,54791
26742,54792
26742,54793
26742,54794
26742,54795
26742,54796
26742,54797
26742,54798
26742,54799
26742,54800
26742,54801
26742,54802
26742,54803
26742,54804
26742,54805
26742,54806
26742,54807
26742,54808
26742,54809
26742,54810
26742,54811
26743,54762
26743,54763
26743,54764
26743,54765
26743,54766
26743,54767
26743,54768
26743,54769
26743,54770
26743,54771
26743,54772
26743,54773
26743,54774
26743,54775
26743,54776
26743,54777
26743,54778
26743,54779
26743,54780
26743,54781
26743,54782
26743,54783
26743,54784
26743,54785
26743,54786
26743,54787
26743,54788
26743,54789
26743,54790
26743,54791
26743,54792
26743,54793
26743,54794
26743,54795
26743,54796
26743,54797
26743,54798
26743,54799
26743,54800
26743,54801
26743,54802
26743,54803
26743,54804
26743,54805
26743,54806
26743,54807
26743,54808
26743,54809
26743,54810
26743,54811
26743,54813
26744,54762
26744,54763
26744,54764
26744,54765
26744,54766
26744,54767
26744,54768
26744,54769
26744,54770
26744,54771
26744,54772
26744,54773
26744,54774
26744,54775
26744,54776
26744,54777
26744,54778
26744,54779
26744,54780
26744,54781
26744,54782
26744,54783
26744,54784
26744,54785
26744,54786
26744,54787
26744,54788
26744,54789
26744,54790
26744,54791
26744,54792
26744,54793
26744,54794
26744,54795
26744,54796
26744,54797
26744,54798
26744,54799
26744,54800
26744,54801
26744,54802
26744,54803
26744,54804
26744,54805
26744,54806
26744,54807
26744,54808
26744,54809
26744,54810
26744,54811
26744,54812
26744,54813
26745,54762
26745,54763
26745,54764
26745,54765
26745,54766
26745,54767
26745,54768
26745,54769
26745,54770
26745,54771
26745,54772
26745,54773
26745,54774
26745,54775
26745,54776
26745,54777
26745,54778
26745,54779
26745,54780
26745,54781
26745,54782
26745,54783
26745,54784
26745,54785
26745,54786
26745,54787
26745,54788
26745,54789
26745,54790
26745,54791
26745,54792
26745,54793
26745,54794
26745,54795
26745,54796
26745,54797
26745,54798
26745,54799
26745,54800
26745,54801
26745,54802
26745,54803
26745,54804
26745,54805
26745,54806
26745,54807
26745,54808
26745,54809
26745,54810
26745,54811
26745,54812
26745,54813
26746,54762
26746,54763
26746,54764
26746,54765
26746,54766
26746,54767
26746,54768
26746,54769
26746,54770
26746,54771
26746,54772
26746,54773
26746,54774
26746,54775
26746,54776
26746,54777
26746,54778
26746,54779
26746,54780
26746,54781
26746,54782
26746,54783
26746,54784
26746,54785
26746,54786
26746,54787
26746,54788
26746,54789
26746,54790
26746,54791
26746,54792
26746,54793
26746,54794
26746,54795
26746,54796
26746,54797
26746,54798
26746,54799
26746,54800
26746,54801
26746,54802
26746,54803
26746,54804
26746,54805
26746,54806
26746,54807
26746,54808
26746,54809
26746,54810
26746,54811
26746,54812
26746,54813
26746,54814
26747,54762
26747,54763
26747,54764
26747,54765
26747,54766
26747,54767
26747,54768
26747,54769
26747,54770
26747,54771
26747,54772
26747,54773
26747,54774
26747,54775
26747,54776
26747,54777
26747,54778
26747,54779
26747,54780
26747,54781
26747,54782
26747,54783
26747,54784
26747,54785
26747,54786
26747,54787
26747,54788
26747,54789
26747,54790
26747,54791
26747,54792
26747,54793
26747,54794
26747,54795
26747,54796
26747,54797
26747,54798
26747,54799
26747,54800
26747,54801
26747,54802
26747,54803
26747,54804
26747,54805
26747,54806
26747,54807
26747,54808
26747,54809
26747,54810
26747,54811
26747,54812
26747,54813
26747,54814
26748,54762
26748,54763
26748,54764
26748,54765
26748,54766
26748,54767
26748,54768
26748,54769
26748,54770
26748,54771
26748,54772
26748,54773
26748,54774
26748,54775
26748,54776
26748,54777
26748,54778
26748,54779
26748,54780
26748,54781
26748,54782
26748,54783
26748,54784
26748,54785
26748,54786
26748,54787
26748,54788
26748,54789
26748,54790
26748,54791
26748,54792
26748,54793
26748,54794
26748,54795
26748,54796
26748,54797
26748,54798
26748,54799
26748,54800
26748,54801
26748,54802
26748,54803
26748,54804
26748,54805
26748,54806
26748,54807
26748,54808
26748,54809
26748,54810
26748,54811
26748,54812
26748,54813
26748,54814
26749,54765
26749,54766
26749,54767
26749,54768
26749,54769
26749,54770
26749,54771
26749,54772
26749,54773
26749,54774
26749,54775
26749,54776
26749,54777
26749,54778
26749,54779
26749,54780
26749,54781
26749,54782
26749,54783
26749,54784
26749,54785
26749,54786
26749,54787
26749,54788
26749,54789
26749,54790
26749,54791
26749,54792
26749,54793
26749,54794
26749,54795
26749,54796
26749,54797
26749,54798
26749,54799
26749,54800
26749,54801
26749,54802
26749,54803
26749,54804
26749,54805
26749,54806
26749,54807
26749,54808
26749,54809
26749,54810
26749,54811
26749,54812
26749,54813
26749,54814
26750,54767
26750,54768
26750,54769
26750,54770
26750,54771
26750,54772
26750,54773
26750,54774
26750,54775
26750,54776
26750,54777
26750,54778
26750,54779
26750,54780
26750,54781
26750,54782
26750,54783
26750,54784
26750,54785
26750,54786
26750,54787
26750,54788
26750,54789
26750,54790
26750,54791
26750,54792
26750,54793
26750,54794
26750,54795
26750,54796
26750,54797
26750,54798
26750,54799
26750,54800
26750,54801
26750,54802
26750,54803
26750,54804
26750,54805
26750,54806
26750,54807
26750,54808
26750,54809
26750,54810
26750,54811
26750,54812
26750,54813
26750,54814
26750,54815
26751,54767
26751,54768
26751,54769
26751,54770
26751,54771
26751,54772
26751,54773
26751,54774
26751,54775
26751,54776
26751,54777
26751,54778
26751,54779
26751,54780
26751,54781
26751,54782
26751,54783
26751,54784
26751,54785
26751,54786
26751,54787
26751,54788
26751,54789
26751,54790
26751,54791
26751,54792
26751,54793
26751,54794
26751,54795
26751,54796
26751,54797
26751,54798
26751,54799
26751,54800
26751,54801
26751,54802
26751,54803
26751,54804
26751,54805
26751,54806
26751,54807
26751,54808
26751,54809
26751,54810
26751,54811
26751,54812
26751,54813
26751,54814
26751,54815
26752,54767
26752,54768
26752,54769
26752,54770
26752,54771
26752,54772
26752,54773
26752,54774
26752,54775
26752,54776
26752,54777
26752,54778
26752,54779
26752,54780
26752,54781
26752,54782
26752,54783
26752,54784
26752,54785
26752,54786
26752,54787
26752,54788
26752,54789
26752,54790
26752,54791
26752,54792
26752,54793
26752,54794
26752,54795
26752,54796
26752,54797
26752,54798
26752,54799
26752,54800
26752,54801
26752,54802
26752,54803
26752,54804
26752,54805
26752,54806
26752,54807
26752,54808
26752,54809
26752,54810
26752,54811
26752,54812
26752,54813
26752,54814
26752,54815
26752,54816
26752,54817
26753,54768
26753,54769
26753,54770
26753,54771
26753,54772
26753,54773
26753,54774
26753,54775
26753,54776
26753,54777
26753,54778
26753,54779
26753,54780
26753,54781
26753,54782
26753,54783
26753,54784
26753,54785
26753,54786
26753,54787
26753,54788
26753,54789
26753,54790
26753,54791
26753,54792
26753,54793
26753,54794
26753,54795
26753,54796
26753,54797
26753,54798
26753,54799
26753,54800
26753,54801
26753,54802
26753,54803
26753,54804
26753,54805
26753,54806
26753,54807
26753,54808
26753,54809
26753,54810
26753,54811
26753,54812
26753,54813
26753,54814
26753,54815
26753,54816
26753,54817
26754,54768
26754,54769
26754,54770
26754,54771
26754,54772
26754,54773
26754,54774
26754,54775
26754,54776
26754,54777
26754,54778
26754,54779
26754,54780
26754,54781
26754,54782
26754,54783
26754,54784
26754,54785
26754,54786
26754,54787
26754,54788
26754,54789
26754,54790
26754,54791
26754,54792
26754,54793
26754,54794
26754,54795
26754,54796
26754,54797
26754,54798
26754,54799
26754,54800
26754,54801
26754,54802
26754,54803
26754,54804
26754,54805
26754,54806
26754,54807
26754,54808
26754,54809
26754,54810
26754,54811
26754,54812
26754,54813
26754,54814
26754,54815
26754,54816
26754,54817
26754,54818
26754,54819
26755,54768
26755,54769
26755,54770
26755,54771
26755,54772
26755,54773
26755,54774
26755,54775
26755,54776
26755,54777
26755,54778
26755,54779
26755,54780
26755,54781
26755,54782
26755,54783
26755,54784
26755,54785
26755,54786
26755,54787
26755,54788
26755,54789
26755,54790
26755,54791
26755,54792
26755,54793
26755,54794
26755,54795
26755,54796
26755,54797
26755,54798
26755,54799
26755,54800
26755,54801
26755,54802
26755,54803
26755,54804
26755,54805
26755,54806
26755,54807
26755,54808
26755,54809
26755,54810
26755,54811
26755,54812
26755,54813
26755,54814
26755,54815
26755,54816
26755,54817
26755,54818
26755,54819
26756,54768
26756,54769
26756,54770
26756,54771
26756,54772
26756,54773
26756,54774
26756,54775
26756,54776
26756,54777
26756,54778
26756,54779
26756,54780
26756,54781
26756,54782
26756,54783
26756,54784
26756,54785
26756,54786
26756,54787
26756,54788
26756,54789
26756,54790
26756,54791
26756,54792
26756,54793
26756,54794
26756,54795
26756,54796
26756,54797
26756,54798
26756,54799
26756,54800
26756,54801
26756,54802
26756,54803
26756,54804
26756,54805
26756,54806
26756,54807
26756,54808
26756,54809
26756,54810
26756,54811
26756,54812
26756,54813
26756,54814
26756,54815
26756,54816
26756,54817
26756,54818
26756,54819
26757,54769
26757,54770
26757,54771
26757,54772
26757,54773
26757,54774
26757,54775
26757,54776
26757,54777
26757,54778
26757,54779
26757,54780
26757,54781
26757,54782
26757,54783
26757,54784
26757,54785
26757,54786
26757,54787
26757,54788
26757,54789
26757,54790
26757,54791
26757,54792
26757,54793
26757,54794
26757,54795
26757,54796
26757,54797
26757,54798
26757,54799
26757,54800
26757,54801
26757,54802
26757,54803
26757,54804
26757,54805
26757,54806
26757,54807
26757,54808
26757,54809
26757,54810
26757,54811
26757,54812
26757,54813
26757,54814
26757,54815
26757,54816
26757,54817
26757,54818
26757,54819
26758,54769
26758,54770
26758,54771
26758,54772
26758,54773
26758,54774
26758,54775
26758,54776
26758,54777
26758,54778
26758,54779
26758,54780
26758,54781
26758,54782
26758,54783
26758,54784
26758,54785
26758,54786
26758,54787
26758,54788
26758,54789
26758,54790
26758,54791
26758,54792
26758,54793
26758,54794
26758,54795
26758,54796
26758,54797
26758,54798
26758,54799
26758,54800
26758,54801
26758,54802
26758,54803
26758,54804
26758,54805
26758,54806
26758,54807
26758,54808
26758,54809
26758,54810
26758,54811
26758,54812
26758,54813
26758,54814
26758,54815
26758,54816
26758,54817
26758,54818
26758,54819
26759,54769
26759,54770
26759,54771
26759,54772
26759,54773
26759,54774
26759,54775
26759,54776
26759,54777
26759,54778
26759,54779
26759,54780
26759,54781
26759,54782
26759,54783
26759,54784
26759,54785
26759,54786
26759,54787
26759,54788
26759,54789
26759,54790
26759,54791
26759,54792
26759,54793
26759,54794
26759,54795
26759,54796
26759,54797
26759,54798
26759,54799
26759,54800
26759,54801
26759,54802
26759,54803
26759,54804
26759,54805
26759,54806
26759,54807
26759,54808
26759,54809
26759,54810
26759,54811
26759,54812
26759,54813
26759,54814
26759,54815
26759,54816
26759,54817
26759,54818
26760,54770
26760,54771
26760,54772
26760,54773
26760,54774
26760,54775
26760,54776
26760,54777
26760,54778
26760,54779
26760,54780
26760,54781
26760,54782
26760,54783
26760,54784
26760,54785
26760,54786
26760,54787
26760,54788
26760,54789
26760,54790
26760,54791
26760,54792
26760,54793
26760,54794
26760,54795
26760,54796
26760,54797
26760,54798
26760,54799
26760,54800
26760,54801
26760,54802
26760,54803
26760,54804
26760,54805
26760,54806
26760,54807
26760,54808
26760,54809
26760,54810
26760,54811
26760,54812
26760,54813
26760,54814
26760,54815
26760,54816
26760,54817
26760,54818
26761,54770
26761,54771
26761,54772
26761,54773
26761,54774
26761,54775
26761,54776
26761,54777
26761,54778
26761,54779
26761,54780
26761,54781
26761,54782
26761,54783
26761,54784
26761,54785
26761,54786
26761,54787
26761,54788
26761,54789
26761,54790
26761,54791
26761,54792
26761,54793
26761,54794
26761,54795
26761,54796
26761,54797
26761,54798
26761,54799
26761,54800
26761,54801
26761,54802
26761,54803
26761,54804
26761,54805
26761,54806
26761,54807
26761,54808
26761,54809
26761,54810
26761,54811
26761,54812
26761,54813
26761,54814
26761,54815
26761,54816
26761,54817
26761,54818
26761,54819
26761,54820
26761,54821
26761,54822
26762,54771
26762,54772
26762,54773
26762,54774
26762,54775
26762,54776
26762,54777
26762,54778
26762,54779
26762,54780
26762,54781
26762,54782
26762,54783
26762,54784
26762,54785
26762,54786
26762,54787
26762,54788
26762,54789
26762,54790
26762,54791
26762,54792
26762,54793
26762,54794
26762,54795
26762,54796
26762,54797
26762,54798
26762,54799
26762,54800
26762,54801
26762,54802
26762,54803
26762,54804
26762,54805
26762,54806
26762,54807
26762,54808
26762,54809
26762,54810
26762,54811
26762,54812
26762,54813
26762,54814
26762,54815
26762,54816
26762,54817
26762,54818
26762,54819
26762,54820
26762,54821
26762,54822
26763,54771
26763,54772
26763,54773
26763,54774
26763,54775
26763,54776
26763,54777
26763,54778
26763,54779
26763,54780
26763,54781
26763,54782
26763,54783
26763,54784
26763,54785
26763,54786
26763,54787
26763,54788
26763,54789
26763,54790
26763,54791
26763,54792
26763,54793
26763,54794
26763,54795
26763,54796
26763,54797
26763,54798
26763,54799
26763,54800
26763,54801
26763,54802
26763,54803
26763,54804
26763,54805
26763,54806
26763,54807
26763,54808
26763,54809
26763,54810
26763,54811
26763,54812
26763,54813
26763,54814
26763,54815
26763,54816
26763,54817
26763,54818
26763,54819
26763,54820
26763,54821
26763,54822
26764,54771
26764,54772
26764,54773
26764,54774
26764,54775
26764,54776
26764,54777
26764,54778
26764,54779
26764,54780
26764,54781
26764,54782
26764,54783
26764,54784
26764,54785
26764,54786
26764,54787
26764,54788
26764,54789
26764,54790
26764,54791
26764,54792
26764,54793
26764,54794
26764,54795
26764,54796
26764,54797
26764,54798
26764,54799
26764,54800
26764,54801
26764,54802
26764,54803
26764,54804
26764,54805
26764,54806
26764,54807
26764,54808
26764,54809
26764,54810
26764,54811
26764,54812
26764,54813
26764,54814
26764,54815
26764,54816
26764,54817
26764,54818
26764,54819
26764,54820
26764,54821
26764,54822
26764,54823
26765,54771
26765,54772
26765,54773
26765,54774
26765,54775
26765,54776
26765,54777
26765,54778
26765,54779
26765,54780
26765,54781
26765,54782
26765,54783
26765,54784
26765,54785
26765,54786
26765,54787
26765,54788
26765,54789
26765,54790
26765,54791
26765,54792
26765,54793
26765,54794
26765,54795
26765,54796
26765,54797
26765,54798
26765,54799
26765,54800
26765,54801
26765,54802
26765,54803
26765,54804
26765,54805
26765,54806
26765,54807
26765,54808
26765,54809
26765,54810
26765,54811
26765,54812
26765,54813
26765,54814
26765,54815
26765,54816
26765,54817
26765,54818
26765,54819
26765,54820
26765,54821
26765,54822
26765,54823
26766,54773
26766,54774
26766,54775
26766,54776
26766,54777
26766,54778
26766,54779
26766,54780
26766,54781
26766,54782
26766,54783
26766,54784
26766,54785
26766,54786
26766,54787
26766,54788
26766,54789
26766,54790
26766,54791
26766,54792
26766,54793
26766,54794
26766,54795
26766,54796
26766,54797
26766,54798
26766,54799
26766,54800
26766,54801
26766,54802
26766,54803
26766,54804
26766,54805
26766,54806
26766,54807
26766,54808
26766,54809
26766,54810
26766,54812
26766,54813
26766,54814
26766,54815
26766,54816
26766,54817
26766,54818
26766,54819
26766,54820
26766,54821
26766,54822
26766,54823
26766,54824
26767,54773
26767,54774
26767,54775
26767,54776
26767,54777
26767,54778
26767,54779
26767,54780
26767,54781
26767,54782
26767,54783
26767,54784
26767,54785
26767,54786
26767,54787
26767,54788
26767,54789
26767,54790
26767,54791
26767,54792
26767,54793
26767,54794
26767,54795
26767,54796
26767,54797
26767,54798
26767,54799
26767,54800
26767,54801
26767,54802
26767,54803
26767,54804
26767,54805
26767,54806
26767,54807
26767,54808
26767,54809
26767,54810
26767,54812
26767,54813
26767,54814
26767,54815
26767,54818
26767,54819
26767,54820
26767,54821
26767,54822
26767,54823
26767,54824
26768,54773
26768,54774
26768,54775
26768,54776
26768,54777
26768,54778
26768,54779
26768,54780
26768,54781
26768,54782
26768,54783
26768,54784
26768,54785
26768,54786
26768,54787
26768,54788
26768,54789
26768,54790
26768,54791
26768,54792
26768,54793
26768,54794
26768,54795
26768,54796
26768,54797
26768,54798
26768,54799
26768,54800
26768,54801
26768,54802
26768,54803
26768,54804
26768,54805
26768,54806
26768,54807
26768,54808
26768,54809
26768,54810
26768,54813
26768,54814
26768,54815
26768,54819
26768,54820
26768,54821
26768,54822
26768,54823
26769,54773
26769,54774
26769,54775
26769,54776
26769,54777
26769,54778
26769,54779
26769,54780
26769,54781
26769,54782
26769,54783
26769,54784
26769,54785
26769,54786
26769,54787
26769,54788
26769,54789
26769,54790
26769,54791
26769,54792
26769,54793
26769,54794
26769,54795
26769,54796
26769,54797
26769,54798
26769,54799
26769,54800
26769,54801
26769,54802
26769,54803
26769,54804
26769,54805
26769,54806
26769,54807
26769,54808
26769,54809
26769,54810
26769,54814
26770,54773
26770,54774
26770,54775
26770,54776
26770,54777
26770,54778
26770,54779
26770,54780
26770,54781
26770,54782
26770,54783
26770,54784
26770,54785
26770,54786
26770,54787
26770,54788
26770,54789
26770,54790
26770,54791
26770,54792
26770,54793
26770,54794
26770,54795
26770,54796
26770,54797
26770,54798
26770,54799
26770,54800
26770,54801
26770,54802
26770,54803
26770,54804
26770,54805
26770,54806
26770,54807
26770,54808
26771,54773
26771,54774
26771,54775
26771,54776
26771,54777
26771,54778
26771,54779
26771,54780
26771,54781
26771,54782
26771,54783
26771,54784
26771,54785
26771,54786
26771,54787
26771,54788
26771,54789
26771,54790
26771,54791
26771,54792
26771,54793
26771,54794
26771,54795
26771,54796
26771,54797
26771,54798
26771,54799
26771,54800
26771,54801
26771,54802
26771,54803
26771,54804
26771,54805
26771,54806
26772,54774
26772,54775
26772,54776
26772,54777
26772,54778
26772,54779
26772,54780
26772,54781
26772,54782
26772,54783
26772,54784
26772,54785
26772,54786
26772,54787
26772,54788
26772,54789
26772,54790
26772,54791
26772,54792
26772,54793
26772,54794
26772,54795
26772,54796
26772,54797
26772,54798
26772,54799
26772,54800
26772,54801
26772,54802
26772,54803
26772,54804
26772,54805
26772,54806
26773,54774
26773,54775
26773,54776
26773,54777
26773,54778
26773,54779
26773,54780
26773,54781
26773,54782
26773,54783
26773,54784
26773,54785
26773,54786
26773,54787
26773,54788
26773,54789
26773,54790
26773,54791
26773,54792
26773,54793
26773,54794
26773,54795
26773,54796
26773,54797
26773,54798
26773,54799
26773,54800
26773,54801
26773,54802
26773,54803
26773,54804
26773,54805
26773,54806
26774,54774
26774,54775
26774,54776
26774,54777
26774,54778
26774,54779
26774,54780
26774,54781
26774,54782
26774,54783
26774,54784
26774,54785
26774,54786
26774,54787
26774,54788
26774,54789
26774,54790
26774,54791
26774,54792
26774,54793
26774,54794
26774,54795
26774,54796
26774,54797
26774,54798
26774,54799
26774,54800
26774,54801
26774,54802
26774,54803
26774,54804
26774,54805
26774,54806
26774,54807
26775,54774
26775,54775
26775,54776
26775,54777
26775,54778
26775,54779
26775,54780
26775,54781
26775,54782
26775,54783
26775,54784
26775,54785
26775,54786
26775,54787
26775,54788
26775,54789
26775,54790
26775,54791
26775,54792
26775,54793
26775,54794
26775,54795
26775,54796
26775,54797
26775,54798
26775,54799
26775,54800
26775,54801
26775,54802
26775,54803
26775,54804
26775,54805
26775,54806
26775,54807
26776,54775
26776,54776
26776,54777
26776,54778
26776,54779
26776,54780
26776,54781
26776,54782
26776,54783
26776,54784
26776,54785
26776,54786
26776,54787
26776,54788
26776,54789
26776,54790
26776,54791
26776,54792
26776,54793
26776,54794
26776,54795
26776,54796
26776,54797
26776,54798
26776,54799
26776,54800
26776,54801
26776,54802
26776,54803
26776,54804
26776,54805
26776,54806
26776,54807
26777,54776
26777,54777
26777,54778
26777,54779
26777,54780
26777,54781
26777,54782
26777,54783
26777,54784
26777,54785
26777,54786
26777,54787
26777,54788
26777,54789
26777,54790
26777,54791
26777,54792
26777,54793
26777,54794
26777,54795
26777,54796
26777,54797
26777,54798
26777,54799
26777,54800
26777,54801
26777,54802
26777,54803
26777,54804
26777,54805
26777,54806
26777,54807
26778,54777
26778,54778
26778,54779
26778,54780
26778,54781
26778,54782
26778,54783
26778,54784
26778,54785
26778,54786
26778,54787
26778,54788
26778,54789
26778,54790
26778,54791
26778,54792
26778,54793
26778,54794
26778,54795
26778,54796
26778,54797
26778,54798
26778,54799
26778,54800
26778,54801
26778,54802
26778,54803
26778,54804
26778,54805
26778,54806
26778,54807
26779,54776
26779,54777
26779,54778
26779,54779
26779,54780
26779,54781
26779,54782
26779,54783
26779,54784
26779,54785
26779,54786
26779,54787
26779,54788
26779,54789
26779,54790
26779,54791
26779,54792
26779,54793
26779,54794
26779,54795
26779,54796
26779,54797
26779,54798
26779,54799
26779,54800
26779,54801
26779,54802
26779,54803
26779,54804
26779,54805
26779,54806
26780,54776
26780,54777
26780,54778
26780,54779
26780,54780
26780,54781
26780,54782
26780,54783
26780,54784
26780,54785
26780,54786
26780,54787
26780,54788
26780,54789
26780,54790
26780,54791
26780,54792
26780,54793
26780,54794
26780,54795
26780,54796
26780,54797
26780,54798
26780,54799
26780,54800
26780,54801
26780,54802
26780,54803
26780,54804
26780,54805
26780,54806
26780,54807
26781,54775
26781,54776
26781,54777
26781,54778
26781,54779
26781,54780
26781,54781
26781,54782
26781,54783
26781,54784
26781,54785
26781,54786
26781,54787
26781,54788
26781,54789
26781,54790
26781,54791
26781,54792
26781,54793
26781,54794
26781,54795
26781,54796
26781,54797
26781,54798
26781,54799
26781,54800
26781,54801
26781,54802
26781,54803
26781,54804
26781,54805
26781,54806
26781,54807
26782,54769
26782,54770
26782,54771
26782,54772
26782,54773
26782,54774
26782,54775
26782,54776
26782,54777
26782,54778
26782,54779
26782,54780
26782,54781
26782,54782
26782,54783
26782,54784
26782,54785
26782,54786
26782,54787
26782,54788
26782,54789
26782,54790
26782,54791
26782,54792
26782,54793
26782,54794
26782,54795
26782,54796
26782,54797
26782,54798
26782,54799
26782,54800
26782,54801
26782,54802
26782,54803
26782,54804
26782,54805
26782,54806
26782,54807
26783,54767
26783,54768
26783,54769
26783,54770
26783,54771
26783,54772
26783,54773
26783,54774
26783,54775
26783,54776
26783,54777
26783,54778
26783,54779
26783,54780
26783,54781
26783,54782
26783,54783
26783,54784
26783,54785
26783,54786
26783,54787
26783,54788
26783,54789
26783,54790
26783,54791
26783,54792
26783,54793
26783,54794
26783,54795
26783,54796
26783,54797
26783,54798
26783,54799
26783,54800
26783,54801
26783,54802
26783,54803
26783,54804
26783,54805
26783,54806
26783,54807
26784,54766
26784,54767
26784,54768
26784,54769
26784,54770
26784,54771
26784,54772
26784,54773
26784,54774
26784,54775
26784,54776
26784,54777
26784,54778
26784,54779
26784,54780
26784,54781
26784,54782
26784,54783
26784,54784
26784,54785
26784,54786
26784,54787
26784,54788
26784,54789
26784,54790
26784,54791
26784,54792
26784,54793
26784,54794
26784,54795
26784,54796
26784,54797
26784,54798
26784,54799
26784,54800
26784,54801
26784,54802
26784,54803
26784,54804
26784,54805
26784,54806
26784,54807
26785,54766
26785,54767
26785,54768
26785,54769
26785,54770
26785,54771
26785,54772
26785,54773
26785,54774
26785,54775
26785,54776
26785,54777
26785,54778
26785,54779
26785,54780
26785,54781
26785,54782
26785,54783
26785,54784
26785,54785
26785,54786
26785,54787
26785,54788
26785,54789
26785,54790
26785,54791
26785,54792
26785,54793
26785,54794
26785,54795
26785,54796
26785,54797
26785,54798
26785,54799
26785,54800
26785,54801
26785,54802
26785,54803
26785,54804
26785,54805
26785,54806
26785,54807
26785,54808
26786,54763
26786,54764
26786,54765
26786,54766
26786,54767
26786,54768
26786,54769
26786,54770
26786,54771
26786,54772
26786,54773
26786,54774
26786,54775
26786,54776
26786,54777
26786,54778
26786,54779
26786,54780
26786,54781
26786,54782
26786,54783
26786,54784
26786,54785
26786,54786
26786,54787
26786,54788
26786,54789
26786,54790
26786,54791
26786,54792
26786,54793
26786,54794
26786,54795
26786,54796
26786,54797
26786,54798
26786,54799
26786,54800
26786,54801
26786,54802
26786,54803
26786,54804
26786,54805
26786,54806
26786,54807
26786,54808
26787,54762
26787,54763
26787,54764
26787,54765
26787,54766
26787,54767
26787,54768
26787,54769
26787,54770
26787,54771
26787,54772
26787,54773
26787,54774
26787,54775
26787,54776
26787,54777
26787,54778
26787,54779
26787,54780
26787,54781
26787,54782
26787,54783
26787,54784
26787,54785
26787,54786
26787,54787
26787,54788
26787,54789
26787,54790
26787,54791
26787,54792
26787,54793
26787,54794
26787,54795
26787,54796
26787,54797
26787,54798
26787,54799
26787,54800
26787,54801
26787,54802
26787,54803
26787,54804
26787,54805
26787,54806
26787,54807
26787,54808
26788,54761
26788,54762
26788,54763
26788,54764
26788,54765
26788,54766
26788,54767
26788,54768
26788,54769
26788,54770
26788,54771
26788,54772
26788,54773
26788,54774
26788,54775
26788,54776
26788,54777
26788,54778
26788,54779
26788,54780
26788,54781
26788,54782
26788,54783
26788,54784
26788,54785
26788,54786
26788,54787
26788,54788
26788,54789
26788,54790
26788,54791
26788,54792
26788,54793
26788,54794
26788,54795
26788,54796
26788,54797
26788,54798
26788,54799
26788,54800
26788,54801
26788,54802
26788,54803
26788,54804
26788,54805
26788,54806
26788,54807
26788,54808
26788,54809
26789,54761
26789,54762
26789,54763
26789,54764
26789,54765
26789,54766
26789,54767
26789,54768
26789,54769
26789,54770
26789,54771
26789,54772
26789,54773
26789,54774
26789,54775
26789,54776
26789,54777
26789,54778
26789,54779
26789,54780
26789,54781
26789,54782
26789,54783
26789,54784
26789,54785
26789,54786
26789,54787
26789,54788
26789,54789
26789,54790
26789,54791
26789,54792
26789,54793
26789,54794
26789,54795
26789,54796
26789,54797
26789,54798
26789,54799
26789,54800
26789,54801
26789,54802
26789,54803
26789,54804
26789,54805
26789,54806
26789,54807
26789,54808
26790,54761
26790,54762
26790,54763
26790,54764
26790,54765
26790,54766
26790,54767
26790,54768
26790,54769
26790,54770
26790,54771
26790,54772
26790,54773
26790,54774
26790,54775
26790,54776
26790,54777
26790,54778
26790,54779
26790,54780
26790,54781
26790,54782
26790,54783
26790,54784
26790,54785
26790,54786
26790,54787
26790,54788
26790,54789
26790,54790
26790,54791
26790,54792
26790,54793
26790,54794
26790,54795
26790,54796
26790,54797
26790,54798
26790,54799
26790,54800
26790,54801
26790,54802
26790,54803
26790,54804
26790,54805
26790,54806
26790,54807
26790,54808
26790,54809
26791,54762
26791,54763
26791,54764
26791,54765
26791,54766
26791,54767
26791,54768
26791,54769
26791,54770
26791,54771
26791,54772
26791,54773
26791,54774
26791,54775
26791,54776
26791,54777
26791,54778
26791,54779
26791,54780
26791,54781
26791,54782
26791,54783
26791,54784
26791,54785
26791,54786
26791,54787
26791,54788
26791,54789
26791,54790
26791,54791
26791,54792
26791,54793
26791,54794
26791,54795
26791,54796
26791,54797
26791,54798
26791,54799
26791,54800
26791,54801
26791,54802
26791,54803
26791,54804
26791,54805
26791,54806
26791,54807
26791,54808
26791,54809
26792,54763
26792,54764
26792,54765
26792,54766
26792,54767
26792,54768
26792,54769
26792,54770
26792,54771
26792,54772
26792,54773
26792,54774
26792,54775
26792,54776
26792,54777
26792,54778
26792,54779
26792,54780
26792,54781
26792,54782
26792,54783
26792,54784
26792,54785
26792,54786
26792,54787
26792,54788
26792,54789
26792,54790
26792,54791
26792,54792
26792,54793
26792,54794
26792,54795
26792,54796
26792,54797
26792,54798
26792,54799
26792,54800
26792,54801
26792,54802
26792,54803
26792,54804
26792,54805
26792,54806
26792,54807
26792,54808
26792,54809
26793,54762
26793,54763
26793,54764
26793,54765
26793,54766
26793,54767
26793,54768
26793,54769
26793,54770
26793,54771
26793,54772
26793,54773
26793,54774
26793,54775
26793,54776
26793,54777
26793,54778
26793,54779
26793,54780
26793,54781
26793,54782
26793,54783
26793,54784
26793,54785
26793,54786
26793,54787
26793,54788
26793,54789
26793,54790
26793,54791
26793,54792
26793,54793
26793,54794
26793,54795
26793,54796
26793,54797
26793,54798
26793,54799
26793,54800
26793,54801
26793,54802
26793,54803
26793,54804
26793,54805
26793,54806
26793,54807
26793,54808
26793,54809
26794,54763
26794,54764
26794,54765
26794,54766
26794,54767
26794,54768
26794,54769
26794,54770
26794,54771
26794,54772
26794,54773
26794,54774
26794,54775
26794,54776
26794,54777
26794,54778
26794,54779
26794,54780
26794,54781
26794,54782
26794,54783
26794,54784
26794,54785
26794,54786
26794,54787
26794,54788
26794,54789
26794,54790
26794,54791
26794,54792
26794,54793
26794,54794
26794,54795
26794,54796
26794,54797
26794,54798
26794,54799
26794,54800
26794,54801
26794,54802
26794,54803
26794,54804
26794,54805
26794,54806
26794,54807
26794,54808
26795,54761
26795,54762
26795,54763
26795,54764
26795,54765
26795,54766
26795,54767
26795,54768
26795,54769
26795,54770
26795,54771
26795,54772
26795,54773
26795,54774
26795,54775
26795,54776
26795,54777
26795,54778
26795,54779
26795,54780
26795,54781
26795,54782
26795,54783
26795,54784
26795,54785
26795,54786
26795,54787
26795,54788
26795,54789
26795,54790
26795,54791
26795,54792
26795,54793
26795,54794
26795,54795
26795,54796
26795,54797
26795,54798
26795,54799
26795,54800
26795,54801
26795,54802
26795,54803
26795,54804
26795,54805
26795,54807
26796,54761
26796,54762
26796,54763
26796,54764
26796,54765
26796,54766
26796,54767
26796,54768
26796,54769
26796,54770
26796,54771
26796,54772
26796,54773
26796,54774
26796,54775
26796,54776
26796,54777
26796,54778
26796,54779
26796,54780
26796,54781
26796,54782
26796,54783
26796,54784
26796,54785
26796,54786
26796,54787
26796,54788
26796,54789
26796,54790
26796,54791
26796,54792
26796,54793
26796,54794
26796,54795
26796,54796
26796,54797
26796,54798
26796,54799
26796,54800
26796,54801
26796,54802
26796,54803
26797,54761
26797,54762
26797,54763
26797,54764
26797,54765
26797,54766
26797,54767
26797,54768
26797,54769
26797,54770
26797,54771
26797,54772
26797,54773
26797,54774
26797,54775
26797,54776
26797,54777
26797,54778
26797,54779
26797,54780
26797,54781
26797,54782
26797,54783
26797,54784
26797,54785
26797,54786
26797,54787
26797,54788
26797,54789
26797,54790
26797,54791
26797,54792
26797,54793
26797,54794
26797,54795
26797,54796
26797,54797
26797,54798
26797,54799
26797,54800
26797,54801
26797,54802
26797,54803
26798,54761
26798,54762
26798,54763
26798,54764
26798,54765
26798,54766
26798,54767
26798,54768
26798,54769
26798,54770
26798,54771
26798,54772
26798,54773
26798,54774
26798,54775
26798,54776
26798,54777
26798,54778
26798,54779
26798,54780
26798,54787
26798,54788
26798,54789
26798,54790
26798,54791
26798,54792
26798,54793
26798,54794
26798,54795
26798,54796
26798,54797
26798,54798
26798,54799
26798,54801
26798,54802
26799,54761
26799,54762
26799,54763
26799,54764
26799,54765
26799,54766
26799,54767
26799,54768
26799,54769
26799,54770
26799,54771
26799,54772
26799,54773
26799,54791
26799,54792
26799,54793
26800,54762
26800,54763
26800,54764
26800,54765
26800,54766
26800,54767
26800,54768
26800,54769
26800,54770
26800,54771
26800,54772
26801,54762
26801,54763
26801,54764
26801,54765
26801,54766
26801,54767
26801,54768
26801,54769
26801,54770
26801,54771
26802,54765
26802,54766
26802,54767
26802,54768
26802,54769
26802,54770
26802,54771
26803,54767
26803,54768
26803,54769
26803,54770
26804,54768
26804,54769
26805,54769
